{"channels":{"master":{"name":"master","description":"Master channel at phpsecu.re/m5stack registry","url":"https://phpsecu.re/m5stack/sd-updater/","api_host":"phpsecu.re","api_path":"/m5stack","cert_path":"/cert/","updater_path":"/sd-updater","endpoint":"/catalog.json"},"unstable":{"name":"unstable","description":"Unstable channel at phpsecu.re/m5stack registry","url":"https://phpsecu.re/m5stack/sd-updater/unstable/","api_host":"phpsecu.re","api_path":"/m5stack","cert_path":"/cert/","updater_path":"/sd-updater/unstable","endpoint":"/catalog.json"}},"name":"SDUpdater","description":"Tobozo's M5Stack Application registry @ phpsecu.re","url":"https://phpsecu.re/m5stack/registry/phpsecu.re.json","pref_default_channel":"unstable"}