[
  {
    "name": "Bitcoin_Multi_Crypto_Coin_Ticker",
    "version": "v1.0.53",
    "path": "Crypto_Coin_Ticker",
    "commands": [
      "--chip esp32 --port %port --baud %baud --before default_reset --after hard_reset write_flash -z --flash_freq 80m 0x1000 %PATH\\bootloader.bin 0x10000 %PATH\\Crypto_Coin_Ticker.ino.bin 0x8000 %PATH\\Crypto_Coin_Ticker.ino.partitions.bin 0x290000 %PATH\\Crypto_Coin_Ticker.spiffs.bin"]
  }
,
  {
    "name": "Bitcoin_Multi_Crypto_Coin_Ticker",
    "version": "v1.0.53",
    "path": "Crypto_Coin_Ticker",
    "commands": [
      "--chip esp32 --port %port --baud %baud --before default_reset --after hard_reset write_flash -z --flash_freq 80m 0x1000 %PATH\\bootloader.bin 0x10000 %PATH\\Crypto_Coin_Ticker.ino.bin 0x8000 %PATH\\Crypto_Coin_Ticker.ino.partitions.bin 0x290000 %PATH\\Crypto_Coin_Ticker.spiffs.bin"]
  }
]